https	793
www	760
com	523
http	213
org	83
app	38
web	35
ipfs	28
net	24
firebaseapp	24
amp	22
html	19
php	18
edu	17
repl	13
top	12
login	12
gov	12
weeblysite	11
site	9
link	9
google	7
dweb	7
club	7
att	7
xsph	6
page	6
mail	6
info	6
dev	6
100	6
xyz	5
xrealip	5
vnafvra97w	5
index	5
home	5
email	5
business	5
3717065149	5
square	4
public	4
kueronekayacotn	4
false	4
facebook	4
appeal	4
aol	4
accounts	4
yolasite	3
yahoo	3
wixsite	3
weebly	3
view	3
themes	3
start	3
signin	3
share	3
regruhosting	3
pub	3
plesk	3
pantheonsite	3
glitch	3
direct	3
digital	3
core	3
content	3
181	3
153	3
149	3
workers	2
windows	2
website	2
webmail	2
userid	2
uri	2
track	2
token	2
test	2
southeast	2
sos	2
shop	2
sfr	2
servicelogin	2
review	2
publicvm	2
presentation	2
photo	2
passive	2
p1ai	2
online	2
netlify	2
myportfolio	2
mobile	2
mil	2
meta	2
manager	2
main	2
loop	2
ifkv	2
identifier	2
hype	2
htm	2
hosting	2
hidden	2
godaddysites	2
github	2
gclid	2
gallery	2
forms	2
followup	2
flowname	2
flowentry	2
filename	2
file	2
fbclid	2
example	2
error	2
duckdns	2
dsh	2
docs	2
deliverylifesupport	2
delayms	2
cprapid	2
continue	2
card	2
bwe	2
boxmode	2
bio	2
amazcecm	2
amazaeon	2
all	2
activation	2
acesso	2
3000	2
2pacx	2
238	2
20online	2
159	2
1209600	2
107	2
zuryurdierapackcompletoen	1
zooglobble	1
zcwr76kt0efi0pz	1
zalxyved	1
yurongshipin	1
yts	1
youwish	1
ygb886p1	1
yflaqweqra	1
yementimes	1
ybkwf	1
yatrataxi	1
yasminoku	1
yakult	1
yahoodaily	1
yacaqqg	1
xxpy	1
xxdazbvqvqyzgkvu	1
xvitbrqlub	1
xrlkba	1
xpo	1
xoj5	1
xlightsfaces	1
xju	1
xjaysneartkb	1
xfinity21	1
xfinity	1
xa8s3	1
wyktorias	1
wvlegislature	1
wucker	1
wsjworld	1
wsghashg	1
wsdownloads	1
wrenandrita	1
worldfutureenergysummit	1
world	1
work	1
wondercostumes	1
womenslifestyle	1
womeninthefoodindustry	1
womankind	1
wluml	1
wissenschaftsladen	1
wisebread	1
win365onenote	1
willhackforsushi	1
wildginger	1
wild	1
whiteherondrinks	1
whispereditions	1
which0x0022	1
whbobanqip	1
whatsarspp	1
whatproswear	1
wfa	1
westleyr	1
wer	1
welsh	1
wellscathedral	1
wellbeingofwomen	1
well	1
weissnaty	1
webnode	1
webmaillink	1
weblitesignin	1
webapps	1
webapp	1
wdsite	1
waynecounty	1
washingtonea	1
warchild	1
war	1
wage4frpp	1
w8g4fh	1
w8ebf	1
w11s	1
vorvupr	1
voicemailtel	1
voicelan	1
vodafone	1
vmanchestercity	1
vkontakte	1
vitalitymedical	1
visual	1
visitnorthnorfolk	1
vip	1
viotalk	1
violation	1
vinted	1
vic	1
vhsfhqpdhdsih6	1
verifedaccount	1
verabradley	1
veggiebytes	1
vdy	1
vavau	1
vaticancityguide	1
varindia	1
varietyjob	1
valvilus	1
valid	1
vaewa	1
vaccationtravel	1
v4switch	1
utf8	1
userinvalido	1
user	1
uscreen	1
uscourts	1
usace	1
urofrance	1
urlzs	1
url	1
urgentnotice	1
ups	1
update	1
upagainstthewallfilm	1
unpluggits	1
unlikelystories	1
universityprimetime	1
universalplastics	1
univ	1
uml	1
umgf3	1
ultrawebmarketing	1
ukhillwalking	1
ukai	1
ubuixewr	1
ubpages	1
uasys	1
uasaleis	1
u8ebf	1
u1995706	1
u1955485	1
u1945821	1
typing	1
twoghdx	1
twobillsdrive	1
tw96awxsys81ljagkfdpbmrvd3mgtlqgmtaumdsgv2lunjq7ihg2ndsgcny6mta4ljapiedly2tvlziwmtawmtaxiezpcmvmb3gvmta4ljaxotqumjuuotgunzgymdizokphbjpuahu	1
tuxfamily	1
tuttojuve	1
turaventura	1
tune	1
tulhp20cu	1
tube	1
trujillo	1
trueliebe	1
true	1
trredfcjrottrdtwwq	1
tristatehomepage	1
tri	1
travel	1
transitsystems	1
toythieves	1
totsukitoka	1
torrecid	1
torquegamers	1
toronto	1
toolstry	1
tommaddoxunderwate	1
tnmd	1
tng	1
tmjckdd	1
tmitg	1
tkfgiyg	1
tinastoastytoes	1
timebase	1
three	1
thirtyhandmadedays	1
third	1
thewhistleblowers	1
theweddingoutlet	1
thesweet7	1
thesmokinggun	1
thesmartset	1
theseea	1
thesaltypalm	1
therecruitmentalternative	1
thepathtopartnership	1
theosophy	1
themoviebit	1
thelittlebikecompany	1
thelibrarypk	1
theheraldreview	1
thehendersonnc	1
thefloridapost	1
theedgebizconnect	1
thedreampillow	1
thechristianmanifesto	1
thebettermom	1
theargyle	1
the	1
tharp	1
texasgardener	1
teterinseguradsassdddd	1
testtubegames	1
testsabroad	1
testingtheglobe	1
testing	1
tennisontario	1
tenantcloud	1
temp	1
teletus	1
telegramrobot	1
telefon	1
teesside	1
tech	1
teatroverdifirenze	1
teapotpngufojnn9	1
teamedupapp	1
te59edi38680	1
tbwysx	1
tasty	1
taher	1
szba	1
synchdatachain	1
sygicstyle	1
sydney	1
sxrqzb	1
swtest	1
swnbk	1
sviluppo	1
svetkrestanstva	1
surge	1
supporto	1
support	1
superesportes	1
subtraction	1
studio	1
strava	1
stories	1
storedproductsinsects	1
store	1
stopgenocide	1
stir	1
stephanspencer	1
stellofoods	1
staticwp	1
standards	1
staatsschauspiel	1
ssstupid	1
sq8gs897tzb3ex7hamrwe4f8pptfcwu8dugcuobyfb4yua1jope1n2tv0jw1gldbravyvyuta8o9a0c0sxphavg7xqzhgvfemxomvsuw1aujujs7mrg6mb7x9f9sunsvfqvuujiwtumkpdqkleovkzdthmv2vbyn3xlggfq9wdp7nyvwlrfmbsjfq5gccute8mr7bfua	1
sprwmn	1
splashcomics	1
spivi	1
spectreattack	1
specialeffect	1
spd	1
spatii	1
spanishunderstatedproblem	1
sp39020302344	1
soscovidtijuana	1
soon	1
sonymusic	1
software	1
sodajeans	1
socioplus	1
societyofeditors	1
sobusobu	1
soas	1
snowmonkeyresorts	1
snow	1
smtp	1
smokymtndreams	1
smbnation	1
slotvrbet	1
slide	1
slaskie	1
skyppee	1
sky	1
sksfishtrading	1
sknzy	1
sj67	1
sites	1
sitaair	1
sistema	1
sipu	1
sinvu	1
singleseller	1
simpnic	1
simpleficado	1
simacan	1
signonv2screen	1
signin7512674f779447ec8be959a119cf4c6e9ea5b9ca	1
signature	1
sign	1
siamsport	1
shreemaa	1
show	1
shoplocalcanada	1
shivayoga	1
shipmyride	1
shgq	1
shesellsyarn	1
sheltonwa	1
shaparrak	1
shangyexinzhi	1
sfvgroup	1
sfrealtors	1
sfargoauth	1
servicios	1
servic	1
servehumour	1
sepa	1
semashow	1
sellincrack	1
selfip	1
self04wus	1
seguridadlocal	1
security	1
secure	1
sebastianq	1
seasideline	1
sckdvpu	1
scivis	1
scis	1
science	1
scholarlysanemail	1
schlosspark	1
scherledeft	1
scgfoundation	1
scga	1
scapesincokc	1
sbcglobalverification120	1
sattva	1
sasklibraries	1
sarsefiling	1
sarahott	1
sarahlawrence	1
sapporostation	1
sansebastianwinery	1
sanpablomotors	1
sanlorenzoyacht	1
sandwichbaron	1
samelosangeles	1
samane	1
safety	1
saad	1
rvonthego	1
ruthmoody	1
russianisland	1
russellipm	1
rush	1
ruaysatu99	1
rscm	1
rozblog	1
royalhouseofgeorgia	1
rout	1
rough	1
rostec	1
rockcrawler	1
rnetaprobad0	1
rizzoliusa	1
riyadhmoon	1
rita	1
ripta	1
richardsfowkes	1
rhf	1
rhdaustralia	1
rgtbpf	1
rgstrodesblq	1
revistapushstart	1
return	1
responsepage	1
request	1
renner	1
remixmagazine	1
reluctant	1
relationmutuel2022	1
registration	1
region	1
ref	1
redirecttion	1
redheadedfemme	1
rebootroadshow	1
realsporting	1
realizesolucoesfinanceiraas	1
rd1035	1
rcpi	1
rce	1
raylib	1
ravor	1
rareelementresources	1
rapidcarinsurancequote	1
rangemagazine	1
rakuten	1
rakutan	1
rainn	1
radiomics	1
radioequipment	1
racingaspirations	1
qzneyzwtghhsqqwgrw0d8ss8xfikykugzoaijydmnwm	1
qwas	1
quikedb	1
qualifiedsinfuldatabase	1
qs9ndw	1
qqalbum	1
qmwtqhsw2ysaousnejoyhrj4typwws6mbgmsmdtqzqi9ua	1
qmwjpk7hken9kcewr1cp15nps6gf5wn1tupqthdymawtvr	1
qmvnxgbcih7nstukhzo3evypwmxgrxxsnmoupt2bdwjigf	1
qmnswuyrzybch6cp6kgjg3ruxjms4r2rjunletutvfkxcz	1
qmfxxsvapnbs2zqsrqswemasdsnrbcatqoawaolwtf5le1	1
qmdj3gmuzk6sjx5brkcqwadlt6becpvirxf33f4mdjp5ge	1
qma	1
qkv2zuvhhve	1
qiv5xpuar0wzq2leaayasaaegkbkpd	1
qihsnc	1
qauik	1
qaqaqa0123	1
qaprm	1
qaaaaaaa11	1
q9hef	1
purpledaily	1
publishing	1
prvrtual	1
prosjekttilbuddata	1
properfood	1
prolificpublishinginc	1
projekampi	1
project	1
progressme	1
profilcledigitale	1
products	1
procosound	1
pro	1
pressreporter	1
presbyteriansofthepast	1
practicallifeguide	1
pplink	1
powder	1
poteriedanduze	1
postoj	1
posti	1
post	1
pony2	1
polishdocs	1
police	1
poetcasting	1
poczta	1
pockateard	1
pmjay	1
pluginindia	1
plsk	1
ploaghe	1
plavi	1
plantei	1
plantanswers	1
plainsman	1
pitponies	1
pipestonestar	1
pinkcupid	1
pills	1
piatocafe	1
pharmacy	1
pey	1
petare	1
pescaprofessionalebiodiversita	1
perfect4ufashion	1
perchsecurity	1
pepgutjeo	1
pearlsboutiqueshop	1
pdfdocument2	1
pcb	1
pbhadra07	1
paydayjv	1
pay	1
paris	1
parents	1
paradigm	1
paoniu1204	1
panckswap	1
pan	1
paknohay	1
paiement	1
pages	1
packag	1
pacificbabyworld	1
p44h	1
oxpsct	1
ovivowater	1
outlook508	1
outlook	1
outdoorhub	1
ourchildrenstrust	1
otyfuwyb	1
ottawajewishbulletin	1
otocikma	1
ostaleinfofr	1
origin	1
oravanpesa	1
orange	1
opulentunacceptableintranet	1
optum	1
optin1675857413271	1
openseanft	1
openid	1
oogle	1
oneupweb	1
oneswankyshop	1
onedrive4	1
omnia	1
olx	1
oldest	1
okinawatimes	1
oilmillplants	1
office	1
oerlekkereten	1
oenb	1
obs	1
oauth	1
o7ka3e4vivt6	1
nyserda	1
nvwxqify	1
ntuymzg4ota3mzywnq	1
nsg	1
notices	1
note	1
nortoninternetsecurity	1
northampton	1
noragrcaissrgnalinfo	1
nor	1
nodemoh	1
noaa	1
nmuhbq	1
nmqf	1
nmc	1
nkr	1
njacqu	1
ninja	1
nickburgeson	1
nichepursuits	1
nhcash	1
ngee6szfo	1
ng84k	1
nextmediaevents	1
newsmagnify	1
newdaily	1
new	1
networkfactory	1
netsalarycalculator	1
netpug	1
netbooknews	1
nervous	1
nbb7fbcedacadc07ba08cde3aa57f5df01	1
naturesintentvinegars	1
nationalgrideso	1
narrow	1
nanog	1
name	1
mystrikingly	1
mysl	1
mypriorityplan	1
myhuaweicloud	1
muylinux	1
mustila	1
musicofyourlife	1
mupsat	1
mungavision	1
mueller	1
mua	1
mtbankx1	1
mskj	1
mse	1
mpapi	1
motorindiaonline	1
morelex	1
mooreprotection	1
moodeaudio	1
montroserestoration	1
montenegro	1
monidentificationforte	1
molongui	1
mohamed	1
modernresale	1
modcloudserver	1
modbee	1
mod	1
mnp	1
mmtx55	1
mmmonogramming	1
mmetours	1
mmbershipswebsite	1
mkhu57	1
mkg1	1
mk10k	1
mjt	1
mjewnji1nzm1ndezmzcsk	1
mitaketozan	1
mistjewels	1
misopup	1
misktm	1
mirrorsupply	1
millerm	1
mijcf	1
microsoftups	1
microsoft	1
mi6	1
mhor	1
metzgerconsulting	1
metv	1
methisu	1
metaformcustomerservice	1
messenger	1
memory	1
memedroid	1
melodyz	1
melling	1
melbourneathenaeum	1
mekancu	1
mein	1
meilleurcoiffeur	1
mehtaamcomsignin	1
megforit	1
medici	1
mdftcmteppmt	1
mcad	1
mbasic	1
maxusdtdefi	1
marleybrat	1
markronson	1
marcostrader	1
mansfield	1
mankind	1
managementtraining	1
mamanpourlavie	1
maketimetocuddle	1
mak	1
majeraneksa	1
maisondebalzac	1
maildinshaakckjnw553	1
maildinshaakckjnw536	1
maildinshaakckjnw455	1
mahikhoshk	1
madzisku	1
made	1
lyssn	1
luiza	1
luftballoonstore	1
ltvfag	1
ltaucardapps017	1
lt27	1
lrh	1
lowcarbonhub	1
loving	1
lost	1
loot04frp	1
lookoutrecords	1
loginwebmailionos	1
loginmicrosoftonlineprojekthub4kolontotalinventarkryptering	1
login1	1
logiin	1
log	1
lockes	1
lnk	1
live	1
littlecloset	1
litnet	1
lipstickandbrunch	1
linkr	1
linefriends	1
linearaudio	1
linea	1
lifestyle	1
lidostakings	1
libon	1
lhs	1
lexdray	1
letstalkaboutit	1
leon	1
legorreta	1
lauriehere	1
lasdrogas	1
laplantisserie	1
laotel	1
lanru	1
landbigfish	1
lamultispecialty	1
lamadeguido	1
lacesmagnetschool	1
lab	1
l1nq	1
kyc	1
kvzcny	1
kueronekayaeotn	1
kuerocekayacaoto	1
kuerennkaycoato	1
kuerennkaycaato	1
kuercnnkayceata	1
kuerccnkayccata	1
kucoin	1
kshvid	1
kshsaa	1
kratonjogja	1
koreataste	1
koreakonsult	1
kontynuowac	1
komuwseuxn	1
kolayrecete	1
kohanga	1
kmutt	1
kitska	1
kitlv	1
kitco	1
kitchen	1
kirjaudu	1
kilu	1
killyhevlin	1
kijiji	1
khodro	1
keyapparel	1
key	1
kevinsfinejewelry	1
kejqhupfckizvk7yj9ndvgder4ov9yne	1
keevowallet	1
keephappifeet	1
kdjlibrary	1
kcchamber	1
kbqj	1
kazimierz	1
katyremodelingpros	1
karpati	1
karltarvas	1
karlsruhe	1
kakao	1
kadamfootcare	1
k3picf3kudcokhozqar7qdqebm0olbnemxs4xyccbueh	1
justanapp	1
juno	1
julianjaynes	1
julesmoderne	1
juicy	1
judicialance	1
jualos	1
jtjxas	1
jreast	1
jposdvu	1
jpmodafeminina	1
joyefaw349	1
joycefoundation	1
joliessence	1
johannakoelle	1
jmi	1
jlbwraamw	1
jkqevij4tr4xjylggogg	1
jimdosite	1
jh9jh	1
jewishnevada	1
jewishcleveland	1
jerodi	1
jbei	1
jazzyjefffreshprince	1
jazzdrummerworld	1
jaysleftist	1
jayabaya	1
jaxa	1
javaupdatesvc	1
japan	1
jammpd7ujg	1
jameshotels	1
jal0cm	1
j6unvhzsitlyrxstpnfun4tssjgejkn7dldp6fxsjfxo	1
iyzjmwanvn	1
iysqs	1
iymc	1
ixgieriaiy	1
iwar2tirvbjv3e2pfld5fpovs84fjzqhg7g	1
itunesimages	1
itjungle	1
itiangioy	1
itemdb	1
itau24hrs	1
issuewire	1
iso	1
isgtw	1
irtvazteca	1
irsss	1
iridescenti	1
iren	1
iranzamin	1
iran	1
ir3j	1
iqvec	1
ipaboost	1
iowadatacenter	1
interviews	1
interspeech2021	1
interop	1
intergalacticeducation	1
interbering	1
inspirepicturearchive	1
inpublishing	1
inonix	1
inicio	1
ing	1
infomaniak	1
indianapolismotorspeedway	1
inc	1
immense	1
imlebanon	1
imkjhdbdg	1
imeu	1
imagendelgolfo	1
illahevineyards	1
ilcrotonese	1
idorangefr8	1
iconnect007	1
ib12	1
iastate	1
iamherapparel	1
iamcallen	1
i2m	1
hyt	1
hugin	1
huarache	1
hsuyb1	1
hsu	1
hsheuqs	1
hsg	1
hpra	1
host	1
honfzfmuhvmvvwnljrzfpxd	1
holy	1
holding	1
hiwaay	1
historyforsale	1
hippiemommy	1
hiper	1
hideme101	1
heth5pusai9187	1
help	1
hellofashionblog	1
helensburgh	1
heiwajima	1
hedefpanel	1
hebrideanconnections	1
healthshiny	1
health	1
hdfc	1
hd76	1
hd1mi8cvdg	1
hd11	1
hctx	1
hawthorneandmain	1
hash	1
harleyqueretaro	1
hannover	1
hankypanky	1
handdrawndracula	1
hakenaudio	1
gzanzb	1
gurobi	1
gundamplanet	1
gtrafx	1
grupwaaa11135117	1
gridsum	1
granify	1
grana	1
gq60jkchl	1
govaau	1
gouvernement	1
gouv	1
gourmandises	1
googlmail	1
goodgive	1
goldenkeyart	1
gohfr	1
globalsources	1
globalitusers	1
global	1
glifwebsignin	1
glenwoodcaverns	1
glen	1
gj32d	1
giverny	1
gitbook	1
ggb1	1
gg4222	1
getsymphony	1
getreligion	1
geopoetika	1
genesreunited	1
generatepress	1
generalreferral	1
gen	1
geminillogien	1
gemini	1
gbp	1
gbkhnaorpeleazwr8mqwvlpopw26qay8ay	1
garnetandgreat	1
ganador56	1
gamacheseries	1
g32lzvp0lxf7tpzagzzryzdcrxin8kv3	1
furniturewholesaler	1
funemstudio	1
fundable	1
fundabilities	1
fukuekuko	1
frontiertouring	1
from	1
friends	1
freshmood	1
freevideoproxy	1
fredrikarnell	1
francesausten	1
formaloo	1
forexworldoffim	1
force	1
foodtruckbestellen	1
foodandfoodtrips	1
fonts	1
folkfibers	1
folder	1
flyairart	1
floorplanrugs	1
flixbus	1
fleek	1
fktsc	1
filtsep	1
filesusr	1
filesa	1
file2635	1
fiberartnow	1
fiasi	1
ffm	1
feichang114	1
feefreeticket	1
fe3	1
fbcom	1
fbcode	1
families	1
fallriverdiocese	1
faceofmalawi	1
facebookk	1
f448ef168673	1
f3b13	1
f1676894839313x316873552248593000	1
f0588023	1
f0576034	1
f0518723	1
f0516881	1
f02330kdlfk	1
expressions	1
exporthub	1
expires	1
excel	1
evidyadigital	1
eus	1
eth	1
estudia	1
estesparkshuttle	1
esplorasicilia	1
ergwerbt	1
erasoekamto	1
eppenga	1
epicenter	1
epicees	1
eocursor	1
environnement	1
ensci	1
employeebenefitsstore	1
emoryhealthcare	1
emeryandopal	1
elvis	1
elsoldepuebla	1
elleihome	1
eliterature	1
eldisenso	1
eip	1
efd88	1
education	1
edison	1
edenwestreporting	1
edaa	1
ed5f2919c66d	1
ecoimpactnft	1
eclsnewweb	1
echo	1
ecenica	1
eblaghyeh	1
eblaghw	1
eblaghee	1
eblaghe	1
ebisaaccount	1
eatonchiropractic	1
eatliverun	1
earth	1
eamta	1
eaiaiqobchmimqhp	1
eaiaiqobchmi39lv473a	1
dyslexiefont	1
dynamicrewards	1
dylerays	1
dwsakvd	1
dwijitsolutions	1
dumb1	1
dubblehealth	1
droriginals	1
drop	1
drivegooogle	1
drive	1
drip	1
drhertoncosta	1
dresser	1
dresden	1
dr6xzs	1
dqsikwdsw0yxejajblztrqaaaaaaaaaaaanaauvucvpuqzngvly2rte2mfbws0u5rdnyredwte9rmi4u	1
dot	1
dop6wascwgcnja	1
dontchipmebro	1
dogsbodynet	1
docusign	1
documentationdigit	1
dns22dns22	1
dncvietnam	1
dkdjyegxoc	1
dkb	1
disneytravelagents	1
dishonestroughinvocation	1
direkt36	1
direito	1
directory	1
dionc	1
digitalwebbing	1
dictionary	1
dichondra	1
dianerussell	1
dhlswitzerland	1
dfegmjeawc	1
destinationochie	1
desotocountyonline	1
desdehollywood	1
denewpolstle	1
demondremese	1
delogin	1
delivery	1
delfontmackintosh	1
delfi	1
delevery02	1
deep	1
ded	1
decentralnode	1
dcdgraphics	1
daveblack	1
daterangepicker	1
danvilleky	1
d1aqfkf	1
d163	1
cyark	1
cwyzhdzgqkpv	1
cuuinbbaseprlgini	1
custrec	1
customindex	1
curiouslearning	1
cuentaebisaprocess	1
ctejidas	1
css	1
csqoy	1
csb	1
crystalhills	1
croydon	1
crestmem	1
creencerater	1
creebba	1
crazytoys	1
cranky	1
courtneyhillinteriors	1
courthousedirect	1
country	1
cottlestrawberryfarm	1
cotswoldseeds	1
costhea	1
cosmoswater	1
cool	1
contexte	1
consumerfinancelegalreport	1
consultanttowars	1
consolesecudigital	1
conpastcon	1
confirmation	1
comune	1
comswi	1
compression	1
compoundprotocolstaking	1
compactstorage	1
community	1
comltodo1	1
comfyco	1
comapinetbank	1
com8	1
colettebaronreid	1
coinscout	1
cobump	1
cnn	1
cna	1
cloudflare	1
clippingsnap	1
clintonschool	1
clients	1
cliente	1
clickfunnels	1
clickertraining	1
click2mix	1
cleansite	1
clavinet	1
classicdosgames	1
ckjzno	1
cjugmu	1
cityoflacrosse	1
cityherald	1
city	1
citizensforethics	1
cisco	1
cintasejatidrink	1
cineaste	1
cicprince	1
churchpharmacy	1
chronicle1909	1
chrisconrad	1
choshi	1
chiulan	1
chiba	1
cherish	1
cherieburbach	1
chefkennethclay	1
chayma	1
chaweixin	1
chashouji	1
channelpartner	1
channel3000	1
chanjrandalo	1
chalvshe	1
chaindungeons	1
century21bhj	1
centrogamma	1
center	1
cebjiankb1	1
cdnplanet	1
cd24aa678ae917e4d768c6e8f	1
cclerk	1
ccddfb2daf90053beb52874964b81d32	1
catersource	1
cast	1
case963272	1
case100985610961296312610	1
cartoes	1
carta	1
careerhuawei	1
capital	1
cannca	1
cancel2932474	1
callets	1
caja	1
cabi	1
c87ofhzglxwkyxlpq	1
bz10	1
button	1
businessgreen	1
bushveldminerals	1
bullstuff	1
btvmnew	1
btnvm	1
btchallenge	1
brokenbrowser	1
brockbuilt	1
brittanylbergman	1
briley	1
brickcollecting	1
breakinconvention	1
brandyclarkmusic	1
brandlysms	1
branchwallet	1
brad	1
bper	1
boxingnewsonline	1
bov	1
botpg	1
borntolisten	1
bookdosepath	1
bookdepository	1
boat	1
bnki2id	1
bm494174	1
blueappsoftware	1
blogspot	1
blockchainappfactory	1
blob	1
bjjx	1
bitrix	1
bit	1
birouri	1
bingle	1
bikeability	1
bigtext	1
bibaztgkmv4837	1
biancalnte	1
bhf57	1
bevicalizzano	1
bet988f	1
bestmein1	1
besoso	1
benjaminrushinstitute	1
bendevibisan2	1
beauty	1
beagleboard	1
beacons	1
bdangouleme	1
bbbeauty	1
basicbooks	1
bartoncenter	1
barsensa	1
bankofamerica	1
bank	1
bancolombia	1
banban	1
bakerscrust	1
bai	1
bafybeigimunjpjlfi4ws72lgv4dbzv7b5i46dzu4onptha2mhzlhztpbuq	1
bafybeig3b6gxnwqc5i3bwq5oiet3gftq4by3lv24e52gj3afiqnyjlfuje	1
bafybeifzf2brf3csqsrf7zuituftrk65n7aue6bgmwf4cnjzczm4iby27m	1
bafybeifuy6wtrepbhxtuatusrpmnccnmp2q2vxplkjwo5a4rgwr5pvj6qu	1
bafybeifu2lxnvdgozeaeh56jri3y45hq34w4n7p6rsttjovypztneumzja	1
bafybeifkzjedon3gsio76zaxs2w6nm7dghqxsl3ikylmrslxj4ic2bwuoy	1
bafybeiev2whg57z2366sfgpois5ilpyabdyd25k7dieosgbjihbrlabx6y	1
bafybeie3fosdtd3bn54pc5tntwubfg3f55sffjqqajftp7wiaxerkrrpgm	1
bafybeidtm4lu2f2fxldqyte44oiqf2c7mfvdojwdszlitviutpcidokuri	1
bafybeidalcgaj4ol4ls5exxbksgv6xhwguxgjfgt3pjrxqx5mm4i3jokem	1
bafybeicravhhggmaxfjgkrt6zylszmoi5nf33e2qjf5r2uyz6drsnvpj54	1
bafybeibzx65ffoqckxtkljnlhvwqz4neis3pmo23n2qodfllbugg457ijy	1
badsk	1
back	1
babylonjs	1
babydoll	1
b8glet20pdfppoint50erv2023tilbuddataafsendersigrid	1
b5l53s519v	1
b5d50ea0e3fcab816c405df7519b242bf4	1
axlamadrid	1
awstrack	1
awsaccesskeyid	1
awnoghfzyqpxvjzu881uxcu56fzehdz9r1g4w7jvqvy2q1dfqsp	1
awmaabassqmaaaaaaaaaacmfznwaaaabifsaaaaaabnk	1
away	1
avanttipisos	1
authuser	1
authorize	1
authenticated	1
autenticar	1
auspacmedia	1
aupp	1
attverses	1
atttyguftyr7	1
attdomainthomasservice	1
atlogis	1
ath	1
atencion	1
astatech	1
assistance	1
assets	1
aspx	1
aspools	1
aspectofsport	1
asmadernli	1
ask	1
asia	1
ashland	1
asap	1
artshub	1
arterys	1
aromaleighcosmetics	1
arnsberg	1
army	1
armscontrolwonk	1
arewewebyet	1
archi	1
ara	1
aqmjq7qo1wd	1
appspot	1
appsandsofts	1
apps	1
application	1
appforest	1
aplwiki	1
apib1anz	1
api	1
apg	1
aop	1
aoma	1
anuttaratrikakula	1
antai	1
annehauck	1
anisweb	1
angenieux	1
anchoragecountertopstore	1
amu	1
amspares	1
amherstschools	1
americanwhitewater	1
american	1
amdesign	1
amazzeocn	1
amazonaws	1
amazon	1
amazceom	1
amazcaozm	1
amaczeon	1
almeida	1
allianzbanksicurezza	1
alisweb	1
alifebe	1
alicelane	1
aliatrix	1
alexxcosta	1
alexcornell	1
aktualizacja	1
ajaxrenew	1
aiv2mdich0wygaxeaayasaaegitt	1
aiigro	1
aidanlawrence	1
ahr0chm6ly9pbm1hy29slm1pdgllbmrhb25saw5llmnvbs93ywrvemkvtk9ttkluq0gvbg9naw4ucghwpzkxnji4nxbvchbv	1
ahmed	1
ahf	1
aggiornamento	1
agg	1
ag483638	1
afrc	1
afox	1
afc	1
aetnainternational	1
aerialvisuals	1
aep	1
ael	1
adventurekid	1
adupla	1
adtheorent	1
adminin	1
admin	1
adlransna	1
adliran	1
adel	1
adcmnaisera	1
adaplosdelfines	1
acrylite	1
acomapnhamentodigital2023	1
acessodasuafaturaluiza	1
accessjewishcleveland	1
accademia	1
acao	1
academiaprimary	1
abwechslungsreiches	1
abuseid	1
abiacdveks	1
ab2dc1e4	1
aara	1
aacp	1
aaa4	1
a9adea36	1
a8e158754cfb	1
a5ss395023945	1
a3de	1
a257	1
a1legro	1
a0386457	1
a02f4ce8	1
9rg0	1
9qienfh	1
9nxdfmb	1
9e45	1
990feba4e4a7403ea14ae4a0827e43f3	1
977rocks	1
9694122	1
95percentgroup	1
92d4	1
92b7	1
919266	1
8y7fcky4eg	1
8f37	1
8e63	1
8bb1c6	1
896851	1
87b2	1
8778555	1
80aa1actli7g	1
806a	1
7qa	1
7g7	1
7d7eb280b743c1b	1
7a7a664c75c6d6e	1
794bf	1
609lb55ozqcuw	1
5ylhn4hbt7mprjoidflg3fkmn0g	1
5g09f	1
5abc81f2c01c	1
57738d6f	1
549e3	1
52giraffe	1
4wxy1r	1
4food	1
4dd4	1
4d46	1
4cff	1
478c3	1
46ac	1
42ff	1
403wg	1
402300070	1
3ivx	1
38zi	1
36969	1
3636678	1
34gw	1
3444zz	1
336bv7tega	1
31bd21fc8a4622fe9ebf59bd12a1ac3e	1
31a3g	1
31651	1
305	1
2k3d	1
2fr	1
2fmntirrssgvtx	1
2ff48	1
2fctklway	1
2ec8a	1
28kdigital	1
2738229	1
2629932	1
26150	1
253	1
2472346	1
245	1
241	1
240deebvrutvirqae	1
224	1
21661	1
21281	1
20outlookoffice365brugern	1
20of	1
20log	1
20in	1
20id	1
20fb	1
20banking	1
20america	1
209	1
207	1
2058206525626520	1
203	1
1vslforalte0bcabihgqrm0bt41rkwikayty62ht1uv1qdb	1
1vrhebl	1
1arg	1
188	1
187	1
185	1
184306573	1
183	1
178	1
17630179057881357	1
171	1
170	1
1679755326	1
1679727634259421	1
1678993240302008	1
167	1
1662975258698217	1
165	1
125	1
123newyears	1
11ytrrrrrrrrrrrrrrrrr	1
112	1
109785	1
109148	1
109	1
10869215	1
108054	1
107599	1
107248	1
106442	1
106415	1
10555ff	1
104553	1
104430	1
103885	1
102648	1
101859	1
101379	1
10096101534410096410	1
100326	1
10014887759101	1
1000321329	1
0x40exub8rm8mfs6oi5	1
0wg8qef0	1
0utlook	1
0gw9qe	1
0f9gh	1
0e990d86e78e	1
0dchn	1
090	1
062c2163	1
05a076	1
010801864c941d51	1
0102000	1
00980	1
006l5	1
004340	1
000000	1
