docs.google.com	526
mail.deliverylifesupport.com	370
cloudflare-ipfs.com	359
storageapi.fleek.co	318
gateway.pinata.cloud	275
gateway.ipfs.io	249
ipfs.litnet.work	223
cf-ipfs.com	190
s3.amazonaws.com	181
sites.google.com	179
organisasi.bulungan.go.id	169
u1965047.plsk.regruhosting.ru	167
is.gd	166
bit.ly	151
1636365.com	146
tinyurl.com	135
fleek.ipfs.io	113
s.id	109
ipfs.eth.aragon.network	97
connection-orangebank-certicode.derlma.com	88
dutsh-helppackage.ecranul.ro	81
v.ht	78
tribelio.page	76
infura-ipfs.io	73
ipfs.best-practice.se	70
www.ndnmag.fr	69
s.free.fr	54
onlinequranteaching.com	51
storage.cloud.google.com	51
Entity	ClusterSize
